ID,CarNumber,Refund,Fines,Make,Model,Year
0.0,Y163O8161RUS,2.0,3200.0,Ford,Focus,1989.0
1.0,E432XX77RUS,1.0,6500.0,Toyota,Camry,1995.0
2.0,7184TT36RUS,1.0,2100.0,Ford,Focus,1984.0
3.0,X582HE161RUS,2.0,2000.0,Ford,Focus,2015.0
5.0,92918M178RUS,1.0,5700.0,Ford,Focus,2014.0
10.0,H234YH197RUS,2.0,6000.0,Ford,Focus,1990.0
11.0,E40577152RUS,1.0,8594.5864661654,Ford,Focus,1988.0
12.0,707987163RUS,2.0,2200.0,Ford,Focus,2016.0
13.0,K330T8197RUS,2.0,8200.0,Skoda,Octavia,2018.0
14.0,X786CO96RUS,1.0,8594.5864661654,Ford,Focus,2000.0
15.0,C477M7161RUS,1.0,2500.0,Ford,Focus,2000.0
16.0,O21997197RUS,1.0,2000.0,Ford,Focus,1992.0
17.0,M592CH197RUS,2.0,8594.5864661654,Skoda,Octavia,1985.0
18.0,9020YC197RUS,2.0,145000.0,Skoda,Octavia,2018.0
19.0,8182XX154RUS,1.0,200.0,Ford,Focus,2017.0
20.0,7830C8197RUS,2.0,8594.5864661654,Ford,Focus,1998.0
22.0,7066C8197RUS,2.0,15000.0,Volkswagen,Passat,1986.0
23.0,M298CH161RUS,2.0,8594.5864661654,Ford,Focus,2014.0
26.0,E445TC197RUS,1.0,8594.5864661654,Ford,Focus,1985.0
27.0,8440XX154RUS,1.0,6200.0,Ford,Focus,1996.0
28.0,9371CE154RUS,2.0,8594.5864661654,Skoda,Octavia,2015.0
29.0,9182CE154RUS,2.0,19800.0,Ford,Focus,2007.0
32.0,83298C154RUS,2.0,8594.5864661654,Ford,Focus,2013.0
33.0,Y7659C197RUS,2.0,8594.5864661654,Ford,Focus,1992.0
34.0,C922YE197RUS,2.0,3800.0,Volkswagen,Golf,1998.0
37.0,7364C8197RUS,2.0,8594.5864661654,Ford,Focus,1995.0
39.0,M5039X197RUS,2.0,7400.0,Volkswagen,,1986.0
40.0,8603T8154RUS,1.0,1500.0,Ford,Focus,2000.0
43.0,92928M178RUS,1.0,8594.5864661654,Ford,Focus,2006.0
45.0,O672E8197RUS,2.0,63300.0,Skoda,Octavia,2008.0
46.0,E42277152RUS,2.0,10600.0,Ford,Focus,1989.0
48.0,C903MC161RUS,1.0,1600.0,Volkswagen,Jetta,1996.0
49.0,T7318T163RUS,2.0,12000.0,Toyota,Camry,1980.0
50.0,Y7719C197RUS,1.0,9200.0,Ford,Focus,1985.0
51.0,T011MY163RUS,1.0,2000.0,Ford,Focus,1985.0
52.0,H115YO163RUS,1.0,2200.0,Ford,Focus,2015.0
56.0,73467Y96RUS,1.0,800.0,Ford,Focus,1984.0
58.0,O134HE197RUS,1.0,8594.5864661654,Ford,Focus,1992.0
59.0,H968HY161RUS,1.0,2400.0,Ford,Focus,2010.0
60.0,Y654E8750RUS,1.0,500.0,Skoda,Octavia,2010.0
61.0,H963HY161RUS,2.0,2800.0,Ford,Focus,1992.0
62.0,H232YH197RUS,2.0,8600.0,Ford,Focus,2018.0
63.0,7843C8197RUS,2.0,12300.0,Ford,Focus,2005.0
64.0,X791O796RUS,1.0,500.0,Ford,Focus,2012.0
66.0,H958HY161RUS,1.0,1800.0,Ford,Focus,2006.0
68.0,708587163RUS,2.0,1400.0,Ford,Focus,2012.0
70.0,Y973O8197RUS,2.0,8594.5864661654,Ford,Focus,2005.0
72.0,97977H178RUS,1.0,1000.0,Ford,Focus,1995.0
74.0,H917TC36RUS,2.0,4000.0,Ford,Focus,1982.0
77.0,X786CO96RUS,1.0,1000.0,Ford,Focus,1987.0
79.0,Y7709C197RUS,1.0,500.0,Ford,Focus,2013.0
81.0,8513XX154RUS,1.0,1500.0,Ford,Focus,1988.0
83.0,T870X7163RUS,2.0,2000.0,Skoda,Octavia,2019.0
84.0,8818C877RUS,1.0,2500.0,Volkswagen,Passat,2010.0
85.0,T395OT197RUS,2.0,8594.5864661654,Volkswagen,Touareg,2004.0
86.0,K327T8197RUS,2.0,20800.0,Volkswagen,Golf,2005.0
87.0,8311XX154RUS,2.0,8600.0,Ford,Focus,1980.0
88.0,X423MK197RUS,2.0,14300.0,Ford,Focus,2005.0
89.0,96429X178RUS,1.0,2600.0,Ford,Focus,2008.0
90.0,O275O7161RUS,2.0,16600.0,Ford,Focus,1994.0
91.0,7789KT197RUS,2.0,12600.0,Ford,Focus,2019.0
94.0,E28877161RUS,1.0,1000.0,Ford,Focus,1985.0
95.0,T6068M116RUS,1.0,1000.0,Ford,Focus,1998.0
96.0,9498KX178RUS,2.0,1600.0,Ford,Focus,2019.0
98.0,99209X178RUS,1.0,500.0,Skoda,Octavia,2012.0
99.0,T6449O50RUS,2.0,8594.5864661654,Ford,Focus,1984.0
100.0,9683EC178RUS,2.0,26000.0,Ford,Focus,2014.0
101.0,Y353O8197RUS,2.0,21800.0,Ford,Focus,2012.0
102.0,O719MM163RUS,2.0,2300.0,Ford,Focus,1996.0
104.0,E535MM199RUS,1.0,500.0,Volkswagen,Touareg,2015.0
106.0,Y352O8197RUS,2.0,103600.0,Ford,Focus,1981.0
107.0,7788KT197RUS,2.0,12000.0,Ford,Focus,1981.0
111.0,E807HE77RUS,2.0,4500.0,Ford,Focus,2007.0
113.0,M516CH161RUS,1.0,1000.0,Ford,Focus,2013.0
114.0,89587X197RUS,1.0,8594.5864661654,Toyota,Camry,2012.0
115.0,7781KT197RUS,2.0,600.0,Ford,Focus,2011.0
116.0,E645TH36RUS,1.0,2400.0,Ford,Focus,1982.0
118.0,Y302E877RUS,1.0,500.0,Ford,Focus,2002.0
119.0,M058XE36RUS,2.0,8500.0,Skoda,Octavia,1990.0
120.0,7830C8197RUS,1.0,5100.0,Ford,Focus,2009.0
121.0,8166XX154RUS,1.0,2400.0,Ford,Focus,2005.0
122.0,M589CH197RUS,2.0,7900.0,Volkswagen,,1997.0
123.0,9408H7178RUS,1.0,1000.0,Skoda,Octavia,1983.0
124.0,H387TM197RUS,2.0,1600.0,Volkswagen,Passat,1981.0
125.0,8049HT125RUS,1.0,500.0,Ford,Focus,1981.0
128.0,9698MO178RUS,2.0,18400.0,Volkswagen,Golf,1995.0
129.0,8685HE154RUS,1.0,1000.0,Ford,Focus,2013.0
131.0,7177TT36RUS,1.0,1000.0,Ford,Focus,2013.0
132.0,O77997197RUS,1.0,22400.0,Ford,Focus,1991.0
134.0,Y234E877RUS,1.0,8594.5864661654,Ford,Focus,1991.0
136.0,97987H178RUS,2.0,5000.0,Ford,Focus,1993.0
137.0,X257HE161RUS,2.0,10000.0,Ford,Focus,2017.0
139.0,T399KX197RUS,2.0,10200.0,Ford,Focus,2016.0
140.0,H957HY161RUS,1.0,2000.0,Ford,Focus,2002.0
141.0,K379HY161RUS,1.0,200.0,Volkswagen,Golf,1997.0
142.0,T654HT96RUS,1.0,4000.0,Toyota,Corolla,1989.0
144.0,8439XX154RUS,2.0,4600.0,Ford,Focus,2009.0
146.0,Y965EE197RUS,2.0,9600.0,Ford,Focus,1983.0
147.0,X758HY197RUS,2.0,24200.0,Ford,Focus,2010.0
149.0,M0279X197RUS,2.0,180000.0,Ford,Focus,2018.0
150.0,H224X836RUS,1.0,3500.0,Ford,Focus,2008.0
151.0,E6849O154RUS,1.0,200.0,Volkswagen,Golf,2004.0
154.0,O83797197RUS,2.0,75900.0,Ford,Focus,1981.0
155.0,9402KK197RUS,2.0,8594.5864661654,Toyota,Camry,1981.0
156.0,7368C8197RUS,1.0,4400.0,Ford,Focus,2008.0
158.0,H427YH197RUS,2.0,29700.0,Volkswagen,Passat,1996.0
159.0,9583EY178RUS,2.0,4300.0,Ford,Focus,2005.0
161.0,Y038E877RUS,2.0,6500.0,Ford,Focus,2015.0
162.0,9822H8161RUS,1.0,100.0,Ford,Focus,1990.0
163.0,7826C8197RUS,2.0,3600.0,Ford,Focus,1989.0
166.0,E160YX77RUS,2.0,2200.0,Ford,Focus,1984.0
167.0,82337X197RUS,2.0,2100.0,Ford,Focus,2008.0
168.0,X757HY197RUS,2.0,6800.0,Ford,Focus,1996.0
169.0,X765HY197RUS,2.0,13900.0,Ford,Focus,2014.0
170.0,934497178RUS,2.0,1900.0,Skoda,Octavia,1980.0
173.0,K2807K154RUS,1.0,1000.0,Ford,Focus,2010.0
174.0,T8008Y125RUS,2.0,1000.0,Ford,Focus,1994.0
176.0,X765HY197RUS,2.0,27800.0,Ford,Focus,1981.0
177.0,Y960EE197RUS,1.0,8594.5864661654,Skoda,Octavia,1994.0
178.0,7840C8197RUS,2.0,7000.0,Ford,Focus,1981.0
179.0,K846YE77RUS,2.0,2000.0,Volkswagen,Passat,2016.0
180.0,E40577152RUS,1.0,500.0,Ford,Focus,1980.0
181.0,7827C8197RUS,1.0,7500.0,Ford,Focus,1983.0
183.0,Y655E8750RUS,2.0,5200.0,Skoda,Octavia,1987.0
184.0,H003MH197RUS,2.0,2900.0,Ford,Focus,2012.0
186.0,Y7699C197RUS,2.0,15800.0,Ford,Focus,2004.0
189.0,Y8399C197RUS,2.0,1800.0,Ford,Focus,2015.0
190.0,9135X938RUS,2.0,4400.0,Ford,Focus,2010.0
192.0,H385TM197RUS,1.0,9500.0,Volkswagen,Passat,1990.0
194.0,9428EX178RUS,1.0,1000.0,Ford,Focus,2009.0
195.0,H837YK197RUS,2.0,4200.0,Audi,,2003.0
196.0,O83597197RUS,2.0,4000.0,Ford,Focus,2019.0
197.0,E42577152RUS,2.0,8594.5864661654,Ford,Focus,2010.0
198.0,E53277152RUS,1.0,1000.0,Ford,Focus,2017.0
201.0,C476M7161RUS,2.0,1500.0,Ford,Focus,1992.0
202.0,9943KK197RUS,2.0,29700.0,Ford,Focus,2015.0
204.0,8165XX154RUS,1.0,4900.0,Ford,Focus,2014.0
205.0,T476KX197RUS,1.0,1500.0,Ford,Focus,1998.0
207.0,C422X938RUS,2.0,10500.0,Ford,Focus,2006.0
208.0,K328T8197RUS,1.0,300.0,Volkswagen,Golf,2011.0
209.0,9466EX178RUS,2.0,800.0,Ford,Focus,1995.0
210.0,X256HE161RUS,1.0,2400.0,Ford,Focus,2005.0
211.0,Y275O8197RUS,1.0,8594.5864661654,Ford,Focus,1998.0
217.0,8165XX154RUS,2.0,4200.0,Ford,Focus,1994.0
218.0,E432XX77RUS,2.0,13000.0,Toyota,Camry,2018.0
219.0,7830C8197RUS,2.0,10200.0,Ford,Focus,1983.0
220.0,H217X836RUS,1.0,2000.0,Ford,Focus,2006.0
221.0,Y316E877RUS,2.0,7000.0,Ford,Focus,2017.0
222.0,934497178RUS,1.0,3800.0,Skoda,Octavia,1992.0
223.0,O77997197RUS,2.0,8594.5864661654,Ford,Focus,1981.0
224.0,8601XX154RUS,1.0,1300.0,Skoda,Octavia,1985.0
229.0,M741T9152RUS,2.0,1000.0,Ford,Focus,1990.0
230.0,9883HX152RUS,2.0,1000.0,Ford,Focus,2016.0
231.0,Y6829Y50RUS,1.0,500.0,Ford,Focus,1983.0
232.0,H004MH197RUS,1.0,39600.0,Ford,Focus,2002.0
234.0,704987163RUS,2.0,8594.5864661654,Ford,Focus,1985.0
235.0,E160YX77RUS,2.0,1100.0,Ford,Focus,1991.0
236.0,E316EH197RUS,1.0,1300.0,Volkswagen,,1999.0
237.0,X758HY197RUS,2.0,72600.0,Ford,Focus,2015.0
239.0,O22297197RUS,1.0,500.0,Ford,Focus,2014.0
240.0,O02597197RUS,1.0,800.0,Ford,Focus,2019.0
242.0,X015HY197RUS,2.0,16000.0,Toyota,Corolla,1991.0
247.0,T769OT197RUS,2.0,30900.0,Volkswagen,Golf,1980.0
248.0,Y778EE197RUS,1.0,24000.0,Volkswagen,Golf,1985.0
249.0,7829C8197RUS,2.0,1800.0,Ford,Focus,2016.0
251.0,T272HH163RUS,1.0,1000.0,Ford,Focus,1981.0
252.0,T018OX197RUS,2.0,3400.0,Toyota,Corolla,2006.0
253.0,Y255E877RUS,1.0,2500.0,Ford,Focus,2001.0
254.0,9182CE154RUS,2.0,13200.0,Ford,Focus,1996.0
256.0,9697MO178RUS,1.0,1000.0,Volkswagen,Golf,1993.0
257.0,C477M7161RUS,2.0,5000.0,Ford,Focus,1995.0
258.0,T686EO197RUS,1.0,500.0,Toyota,Camry,2003.0
260.0,C590EY154RUS,2.0,8594.5864661654,Ford,Focus,1982.0
261.0,T941CC96RUS,1.0,2000.0,Ford,Focus,1995.0
262.0,O22397197RUS,2.0,55500.0,Ford,Focus,1991.0
263.0,X242EC197RUS,2.0,10600.0,Volkswagen,Golf,2008.0
264.0,T020OX197RUS,1.0,34300.0,Toyota,Corolla,1999.0
265.0,E33577152RUS,2.0,2000.0,Ford,Focus,1998.0
267.0,Y973O8197RUS,1.0,34800.0,Ford,Focus,2003.0
268.0,E773EH197RUS,2.0,6800.0,Ford,Focus,2006.0
269.0,T6428M116RUS,2.0,6000.0,Ford,Focus,1996.0
270.0,Y7129Y50RUS,2.0,32000.0,Ford,Focus,1994.0
271.0,Y418EX197RUS,2.0,900.0,Volkswagen,Passat,1987.0
272.0,Y7689C197RUS,1.0,27000.0,Ford,Focus,2013.0
273.0,7066C8197RUS,1.0,3000.0,Volkswagen,Passat,1990.0
275.0,E52877152RUS,1.0,1500.0,Ford,Focus,2019.0
276.0,7369C8197RUS,2.0,8594.5864661654,Ford,Focus,2011.0
278.0,Y166O8161RUS,1.0,100.0,Ford,Focus,2002.0
279.0,705287163RUS,2.0,2000.0,Ford,Focus,1980.0
280.0,K559KC161RUS,1.0,100.0,Ford,Focus,1997.0
281.0,M0299X197RUS,2.0,67200.0,Ford,Focus,1981.0
283.0,92928M178RUS,1.0,600.0,Ford,Focus,1985.0
284.0,9822H8161RUS,1.0,200.0,Ford,Focus,2002.0
285.0,8603T8154RUS,1.0,3000.0,Ford,Focus,2001.0
286.0,84418C154RUS,1.0,3000.0,Ford,Focus,1990.0
288.0,E53488152RUS,2.0,1800.0,Ford,Focus,1991.0
289.0,9697MO178RUS,1.0,500.0,Volkswagen,Golf,1995.0
291.0,Y7709C197RUS,1.0,1500.0,Ford,Focus,1993.0
294.0,90159H178RUS,2.0,600.0,Volkswagen,Passat,2015.0
295.0,C798ET50RUS,1.0,10000.0,Ford,Focus,1999.0
296.0,Y193O8161RUS,2.0,600.0,Ford,Focus,2019.0
297.0,7248C8197RUS,2.0,8600.0,Ford,Mondeo,1989.0
298.0,Y275O8197RUS,1.0,6000.0,Ford,Focus,2012.0
299.0,K357YE77RUS,1.0,5000.0,Volkswagen,Golf,1998.0
300.0,9697MO178RUS,1.0,8594.5864661654,Volkswagen,Golf,1983.0
302.0,E0697X152RUS,1.0,2000.0,Skoda,Octavia,1983.0
306.0,E40877152RUS,1.0,1000.0,Ford,Focus,1989.0
309.0,Y351O8197RUS,1.0,1500.0,Ford,Focus,2005.0
311.0,Y356O8197RUS,2.0,45900.0,Ford,Focus,2017.0
313.0,O6939X163RUS,1.0,7200.0,Ford,Focus,2006.0
314.0,Y7649C197RUS,2.0,5300.0,Ford,Focus,1982.0
316.0,9935TE152RUS,2.0,2500.0,Ford,Focus,1981.0
317.0,704687163RUS,2.0,1400.0,Ford,Focus,2004.0
320.0,7197TT36RUS,2.0,6800.0,Ford,Focus,1991.0
321.0,X765HY197RUS,2.0,41700.0,Ford,Focus,2001.0
326.0,H115YO163RUS,1.0,8594.5864661654,Ford,Focus,2010.0
328.0,O143HO197RUS,2.0,30300.0,Toyota,Corolla,1991.0
329.0,K436MO152RUS,1.0,1500.0,Ford,Focus,2018.0
330.0,9938OH154RUS,1.0,500.0,Skoda,Octavia,2013.0
331.0,E34877152RUS,2.0,6100.0,Ford,Focus,2014.0
332.0,E5878M777RUS,1.0,8500.0,Skoda,Octavia,1991.0
333.0,E33577152RUS,1.0,1000.0,Ford,Focus,1985.0
335.0,7844C8197RUS,2.0,34000.0,Ford,Focus,1981.0
336.0,X256HE161RUS,2.0,800.0,Ford,Focus,1987.0
339.0,C584EY154RUS,1.0,500.0,Ford,Focus,2014.0
342.0,E28977161RUS,2.0,1500.0,Ford,Focus,2019.0
344.0,T016OX197RUS,2.0,3200.0,Toyota,Corolla,1993.0
346.0,H889YK197RUS,2.0,10600.0,Ford,Focus,2000.0
347.0,7363C8197RUS,2.0,1600.0,Ford,Focus,1993.0
349.0,T6039O50RUS,2.0,1500.0,Ford,Focus,2008.0
350.0,7365C8197RUS,1.0,2300.0,Ford,Focus,1983.0
351.0,Y967O8197RUS,1.0,4000.0,Ford,Focus,1980.0
352.0,E816HE77RUS,1.0,3000.0,Ford,Focus,1995.0
353.0,T6329O50RUS,1.0,500.0,Ford,Focus,2017.0
354.0,X504X8197RUS,1.0,8594.5864661654,Skoda,Octavia,1983.0
355.0,M581CH197RUS,1.0,200.0,Ford,Focus,2008.0
357.0,X523OM161RUS,2.0,800.0,Ford,Focus,1989.0
359.0,C412X938RUS,1.0,1000.0,Ford,Focus,1997.0
360.0,7831C8197RUS,2.0,3400.0,Ford,Focus,1986.0
361.0,8164XX154RUS,2.0,4400.0,Ford,Focus,1981.0
362.0,H004MH197RUS,2.0,9900.0,Ford,Focus,2019.0
363.0,X015HY197RUS,2.0,24000.0,Toyota,Corolla,2010.0
366.0,T6419O50RUS,2.0,9000.0,Ford,Focus,2018.0
367.0,E822TH36RUS,2.0,12900.0,Ford,Focus,1999.0
368.0,8437XX154RUS,1.0,8594.5864661654,Ford,Focus,2002.0
369.0,E445TC197RUS,1.0,3400.0,Ford,Focus,2013.0
370.0,C515X938RUS,1.0,1900.0,Ford,Focus,2002.0
371.0,7172TT36RUS,2.0,5700.0,Ford,Focus,1992.0
372.0,8436XX154RUS,1.0,800.0,Ford,Focus,2003.0
373.0,E79988152RUS,1.0,500.0,Ford,Focus,2018.0
374.0,8180XX154RUS,1.0,2800.0,Ford,Focus,1987.0
376.0,84438C154RUS,2.0,3800.0,Ford,Focus,1998.0
377.0,T6309O50RUS,2.0,24000.0,Ford,Focus,2009.0
379.0,T6129O50RUS,2.0,6000.0,Ford,Focus,2011.0
380.0,K339T8197RUS,2.0,19200.0,Ford,Focus,2006.0
381.0,8685HE154RUS,1.0,2000.0,Ford,Focus,2001.0
386.0,X782CO96RUS,1.0,8594.5864661654,Ford,Focus,2003.0
387.0,E591HE77RUS,2.0,6000.0,Ford,Focus,2014.0
388.0,89587X197RUS,1.0,4400.0,Toyota,Camry,1999.0
390.0,9499KX178RUS,1.0,2300.0,Ford,Focus,1992.0
392.0,8818C877RUS,1.0,5000.0,Volkswagen,Passat,1985.0
394.0,Y357O8197RUS,1.0,2200.0,Ford,Focus,2003.0
395.0,Y652O8197RUS,1.0,5800.0,Volkswagen,Touareg,1985.0
398.0,X767HY197RUS,2.0,18000.0,Ford,Focus,1996.0
399.0,H220X836RUS,1.0,7000.0,Ford,Focus,2013.0
401.0,H218X836RUS,2.0,17500.0,Ford,Focus,2012.0
402.0,T913CT197RUS,1.0,7900.0,Toyota,Camry,2007.0
403.0,T6439O50RUS,2.0,16500.0,Ford,Focus,1995.0
404.0,7784KT197RUS,2.0,13200.0,Ford,Focus,2014.0
405.0,X286TC36RUS,2.0,8594.5864661654,Ford,Focus,2007.0
406.0,O752MX161RUS,1.0,1300.0,Ford,Focus,2015.0
409.0,Y7449Y50RUS,1.0,8000.0,Ford,Focus,2009.0
410.0,H115YO163RUS,2.0,1100.0,Ford,Focus,2015.0
411.0,8818C877RUS,2.0,10000.0,Volkswagen,Passat,1984.0
413.0,92828M178RUS,1.0,300.0,Ford,Focus,1990.0
414.0,Y650E8750RUS,1.0,500.0,Skoda,Octavia,2004.0
416.0,X767HY197RUS,2.0,36000.0,Ford,Focus,2017.0
417.0,9498KX178RUS,2.0,800.0,Ford,Focus,2004.0
418.0,83298C154RUS,1.0,100.0,Ford,Focus,1993.0
419.0,8321XX154RUS,1.0,100.0,Ford,Focus,1982.0
420.0,8316XX154RUS,1.0,2200.0,Ford,Focus,1986.0
421.0,T017OX197RUS,2.0,12700.0,Toyota,Corolla,2004.0
422.0,H977HY161RUS,1.0,8594.5864661654,Ford,Focus,1997.0
423.0,7788KT197RUS,2.0,8594.5864661654,Ford,Focus,2006.0
424.0,X522OM161RUS,1.0,1500.0,Ford,Focus,2008.0
426.0,O085E8197RUS,1.0,300.0,Volkswagen,Golf,1984.0
427.0,8166XX154RUS,1.0,600.0,Ford,Focus,2002.0
428.0,705387163RUS,2.0,700.0,Ford,Focus,1987.0
429.0,O017KO197RUS,1.0,800.0,Ford,Focus,2011.0
430.0,X4138H125RUS,1.0,300.0,Ford,Focus,2010.0
431.0,8441XX154RUS,1.0,500.0,Ford,Focus,1994.0
432.0,M0269X197RUS,2.0,8594.5864661654,Ford,Focus,2016.0
433.0,7781KT197RUS,1.0,1200.0,Ford,Focus,1987.0
435.0,T483CT96RUS,1.0,500.0,Ford,Focus,2010.0
436.0,T940CC96RUS,2.0,1500.0,Ford,Focus,2004.0
437.0,C58078163RUS,1.0,100.0,Ford,Focus,2009.0
438.0,O02397197RUS,1.0,4000.0,Volkswagen,Jetta,2005.0
439.0,T018OX197RUS,2.0,6800.0,Toyota,Corolla,1996.0
440.0,H963HY161RUS,1.0,1400.0,Ford,Focus,2019.0
441.0,8611T8154RUS,2.0,2000.0,Ford,Focus,1998.0
445.0,704787163RUS,2.0,2800.0,Ford,Focus,1992.0
446.0,E53488152RUS,2.0,3600.0,Ford,Focus,2004.0
447.0,Y7129Y50RUS,1.0,16000.0,Ford,Focus,2006.0
448.0,C313MM99RUS,1.0,7500.0,Toyota,Camry,2019.0
449.0,8611T8154RUS,1.0,1000.0,Ford,Focus,1983.0
450.0,X763HY197RUS,2.0,9500.0,Ford,Focus,2009.0
451.0,M386M9197RUS,2.0,5800.0,Volkswagen,Golf,1989.0
452.0,8605T8154RUS,1.0,1000.0,Ford,Focus,1990.0
453.0,O22297197RUS,1.0,8594.5864661654,Ford,Focus,1981.0
454.0,7147OE161RUS,1.0,500.0,Ford,Focus,1997.0
455.0,O134HE197RUS,2.0,7600.0,Ford,Focus,2008.0
461.0,7361C8197RUS,1.0,1600.0,Ford,Focus,2005.0
462.0,Y359EY197RUS,2.0,3000.0,Skoda,Octavia,2018.0
463.0,T6559O50RUS,1.0,4000.0,Ford,Focus,2009.0
465.0,E53277152RUS,1.0,500.0,Ford,Focus,2012.0
466.0,X015HY197RUS,1.0,8000.0,Toyota,Corolla,1987.0
468.0,9469EX178RUS,2.0,2100.0,Ford,Focus,1980.0
469.0,Y6839Y50RUS,2.0,3000.0,Ford,Focus,2005.0
470.0,H237YH197RUS,1.0,600.0,Ford,Focus,2002.0
471.0,T948OM96RUS,1.0,2000.0,Ford,Focus,1988.0
472.0,T395KX197RUS,2.0,15200.0,Ford,Focus,2016.0
473.0,M301CH161RUS,1.0,8000.0,Ford,Focus,1990.0
474.0,M581CH197RUS,1.0,100.0,Ford,Focus,1992.0
475.0,E79988152RUS,1.0,1500.0,Ford,Focus,2011.0
476.0,9496KX178RUS,1.0,500.0,Ford,Focus,2009.0
478.0,T6319O50RUS,2.0,8594.5864661654,Ford,Focus,2006.0
479.0,H305T8197RUS,1.0,28100.0,Ford,Focus,1991.0
480.0,8201XX154RUS,2.0,2600.0,Ford,Focus,2009.0
481.0,O64297197RUS,1.0,300.0,Ford,Focus,1985.0
482.0,9523M8178RUS,1.0,600.0,Skoda,Octavia,1986.0
483.0,Y273O8197RUS,2.0,52600.0,Ford,Focus,2015.0
484.0,T6229O50RUS,2.0,2500.0,Ford,Focus,2003.0
485.0,9943KK197RUS,2.0,19800.0,Ford,Focus,2019.0
486.0,X023HY197RUS,2.0,10200.0,Volvo,,2019.0
487.0,8226XX154RUS,2.0,1000.0,Ford,Focus,1995.0
488.0,Y038TO197RUS,1.0,7600.0,Toyota,Corolla,1990.0
489.0,M0289X197RUS,2.0,40600.0,Ford,Focus,2000.0
490.0,E811HE77RUS,2.0,7000.0,Ford,Focus,1988.0
492.0,X795O796RUS,1.0,2000.0,Ford,Focus,2009.0
493.0,O39997197RUS,1.0,9000.0,Ford,Focus,1998.0
494.0,97968K152RUS,2.0,500.0,Ford,Focus,1985.0
495.0,K339T8197RUS,2.0,8594.5864661654,Ford,Focus,1998.0
497.0,H219X836RUS,1.0,1600.0,Ford,Focus,1988.0
499.0,T6169O50RUS,1.0,500.0,Ford,Focus,1994.0
500.0,Y352O8197RUS,2.0,25900.0,Ford,Focus,1999.0
503.0,94178K154RUS,1.0,500.0,Ford,Focus,1980.0
504.0,7365C8197RUS,2.0,6900.0,Ford,Focus,2015.0
505.0,9467EX178RUS,2.0,3700.0,Ford,Focus,1987.0
506.0,O78097197RUS,2.0,1400.0,Ford,Focus,2006.0
507.0,X5707X161RUS,2.0,500.0,Volkswagen,Passat,2006.0
508.0,Y232E877RUS,2.0,5000.0,Ford,Focus,1996.0
509.0,Y388E877RUS,2.0,19000.0,Ford,Focus,2012.0
510.0,X255HE161RUS,1.0,400.0,Ford,Focus,2001.0
511.0,E552MO152RUS,1.0,8594.5864661654,Ford,Focus,1980.0
512.0,97998K152RUS,2.0,6300.0,Ford,Focus,2013.0
513.0,Y963O8197RUS,2.0,21600.0,Ford,Focus,2000.0
514.0,Y778EE197RUS,2.0,168000.0,Volkswagen,Golf,2000.0
515.0,T654HT96RUS,2.0,2000.0,Toyota,Corolla,1982.0
516.0,T477KX197RUS,2.0,94000.0,Ford,Focus,1994.0
517.0,T2639T116RUS,1.0,3000.0,Ford,Focus,1995.0
518.0,O49797197RUS,2.0,5300.0,Ford,Focus,1981.0
520.0,O83597197RUS,2.0,8000.0,Ford,Focus,2002.0
522.0,H387TM197RUS,2.0,3200.0,Volkswagen,Passat,1983.0
523.0,O68897197RUS,1.0,8200.0,Ford,Focus,1980.0
524.0,72457Y96RUS,1.0,900.0,Ford,Focus,2012.0
525.0,7064C8197RUS,1.0,12800.0,Volkswagen,Passat,2003.0
526.0,E948C8152RUS,2.0,6000.0,Ford,Focus,2004.0
528.0,C514X938RUS,2.0,8594.5864661654,Ford,Focus,2018.0
529.0,C589EY154RUS,1.0,4500.0,Ford,Focus,1984.0
531.0,K899T8197RUS,2.0,15400.0,Ford,Focus,1985.0
532.0,T6418M116RUS,2.0,24600.0,Ford,Focus,2010.0
533.0,8607XX154RUS,2.0,2400.0,Skoda,Octavia,2001.0
534.0,92778M178RUS,2.0,3000.0,Ford,Focus,1985.0
536.0,T288CT96RUS,1.0,4500.0,Ford,Focus,1980.0
538.0,9886HX152RUS,2.0,2900.0,Ford,Focus,1986.0
539.0,C583EY154RUS,1.0,1000.0,Ford,Focus,1993.0
540.0,7788KT197RUS,1.0,20000.0,Ford,Focus,2006.0
541.0,T016OX197RUS,2.0,9600.0,Toyota,Corolla,2017.0
542.0,T6419O50RUS,2.0,27000.0,Ford,Focus,1994.0
543.0,C592EY154RUS,1.0,1000.0,Ford,Focus,1989.0
544.0,T6459O50RUS,1.0,2000.0,Ford,Focus,2000.0
545.0,Y356O8197RUS,2.0,8594.5864661654,Ford,Focus,1982.0
546.0,X759HY197RUS,2.0,12500.0,Ford,Focus,1995.0
547.0,705787163RUS,1.0,100.0,Ford,Focus,1997.0
549.0,Y973O8197RUS,1.0,69600.0,Ford,Focus,2017.0
550.0,92898M178RUS,1.0,1600.0,Ford,Focus,1990.0
552.0,9671EC178RUS,1.0,600.0,Ford,Focus,1995.0
553.0,M302CH161RUS,1.0,500.0,Ford,Focus,1989.0
554.0,X023HY197RUS,2.0,6800.0,Volvo,,1982.0
555.0,M578CH197RUS,2.0,9000.0,Ford,Focus,2016.0
556.0,O77997197RUS,2.0,5600.0,Ford,Focus,1983.0
557.0,7368C8197RUS,2.0,8800.0,Ford,Focus,2004.0
558.0,9683EC178RUS,2.0,6500.0,Ford,Focus,1995.0
559.0,Y207O8161RUS,1.0,500.0,Ford,Focus,2004.0
560.0,96659X178RUS,1.0,2700.0,Ford,Focus,2007.0
561.0,T912CT197RUS,2.0,19800.0,Toyota,Camry,2001.0
563.0,7183TT36RUS,2.0,16200.0,Ford,Focus,2001.0
564.0,89557X197RUS,2.0,22400.0,Toyota,Camry,1989.0
565.0,E773EH197RUS,2.0,8594.5864661654,Ford,Focus,1985.0
566.0,Y359O8197RUS,1.0,2000.0,Ford,Focus,2002.0
567.0,K2817K154RUS,1.0,4500.0,Ford,Focus,2009.0
570.0,X758HY197RUS,2.0,145200.0,Ford,Focus,2009.0
572.0,Y964O8197RUS,1.0,1000.0,Ford,Focus,1992.0
573.0,H967HY161RUS,2.0,4500.0,Ford,Focus,1990.0
574.0,E394MO152RUS,2.0,10500.0,Ford,Focus,1982.0
575.0,O50699163RUS,1.0,1100.0,Ford,Focus,1984.0
576.0,9463EX178RUS,1.0,1400.0,Ford,Focus,2014.0
577.0,E53677152RUS,2.0,5500.0,Ford,Focus,2005.0
579.0,K338T8197RUS,2.0,17400.0,Ford,Focus,1986.0
581.0,Y4298M777RUS,2.0,2000.0,Skoda,Octavia,2019.0
582.0,Y687HM197RUS,1.0,8594.5864661654,BMW,,2015.0
583.0,8311XX154RUS,2.0,4300.0,Ford,Focus,2010.0
584.0,98037H178RUS,2.0,2500.0,Ford,Focus,1993.0
585.0,7828C8197RUS,2.0,6700.0,Ford,Focus,2017.0
586.0,H980HY161RUS,2.0,1800.0,Ford,Focus,1991.0
589.0,H906YK197RUS,1.0,12000.0,Ford,Focus,2003.0
590.0,7199MT197RUS,1.0,9300.0,Volkswagen,Golf,1987.0
591.0,X908XC197RUS,2.0,46000.0,Volkswagen,Jetta,2009.0
592.0,T171CC96RUS,2.0,2000.0,Ford,Focus,1986.0
593.0,X4108H125RUS,2.0,1300.0,Ford,Focus,2005.0
594.0,Y966O8197RUS,2.0,10400.0,Ford,Focus,2017.0
595.0,K2797K154RUS,2.0,2400.0,Ford,Focus,2004.0
597.0,7089H8163RUS,2.0,4400.0,Toyota,Corolla,1998.0
598.0,9883HX152RUS,1.0,500.0,Ford,Focus,1987.0
599.0,7841C8197RUS,1.0,12000.0,Ford,Focus,2011.0
600.0,9940KK197RUS,1.0,8594.5864661654,Ford,Focus,2009.0
601.0,H224X836RUS,2.0,7000.0,Ford,Focus,1985.0
603.0,H971HY161RUS,2.0,7400.0,Ford,Focus,2013.0
605.0,M0269X197RUS,2.0,20600.0,Ford,Focus,1985.0
606.0,E316EH197RUS,1.0,1300.0,Volkswagen,Touareg,2014.0
608.0,X257HE161RUS,1.0,5000.0,Ford,Focus,2014.0
609.0,H844YH197RUS,2.0,3000.0,Ford,Focus,1988.0
610.0,9523M8178RUS,2.0,300.0,Skoda,Octavia,2016.0
613.0,E33477152RUS,1.0,500.0,Ford,Focus,1989.0
614.0,Y156E877RUS,2.0,7500.0,Ford,Focus,2013.0
615.0,E396MO152RUS,2.0,3000.0,Ford,Focus,1998.0
617.0,E0697X152RUS,2.0,8594.5864661654,Skoda,Octavia,1992.0
619.0,Y969O8197RUS,1.0,15600.0,Ford,Focus,1988.0
620.0,9028CO161RUS,1.0,1500.0,Ford,Focus,2007.0
622.0,7840C8197RUS,2.0,3500.0,Ford,Focus,1988.0
623.0,T6249O50RUS,2.0,8500.0,Ford,Focus,1989.0
624.0,E53677152RUS,2.0,11000.0,Ford,Focus,2011.0
625.0,E42377152RUS,2.0,3000.0,Ford,Focus,1985.0
627.0,9941KK197RUS,1.0,800.0,Ford,Focus,2000.0
628.0,E28877161RUS,1.0,500.0,Ford,Focus,2010.0
629.0,M0299X197RUS,2.0,19200.0,Ford,Focus,2018.0
630.0,M372CH197RUS,1.0,21600.0,Ford,Focus,1984.0
631.0,K040CC197RUS,2.0,3600.0,Ford,Focus,2017.0
632.0,E41577152RUS,2.0,3000.0,Ford,Focus,2013.0
633.0,9763HY161RUS,1.0,900.0,Ford,Focus,2013.0
634.0,T535ET96RUS,2.0,3000.0,Ford,Focus,1989.0
635.0,92918M178RUS,2.0,7600.0,Ford,Focus,2009.0
636.0,Y655E8750RUS,1.0,2600.0,Skoda,Octavia,2010.0
637.0,K2797K154RUS,1.0,8594.5864661654,Ford,Focus,1990.0
638.0,K559KC161RUS,1.0,200.0,Ford,Focus,2004.0
639.0,7369C8197RUS,2.0,10100.0,Ford,Focus,1990.0
641.0,8321XX154RUS,1.0,200.0,Ford,Focus,2001.0
642.0,O134HE197RUS,2.0,11400.0,Ford,Focus,2007.0
643.0,H961HY161RUS,2.0,2500.0,Ford,Focus,2017.0
644.0,M2169X197RUS,2.0,3100.0,Ford,Focus,2005.0
645.0,707987163RUS,1.0,1100.0,Ford,Focus,2002.0
646.0,8234XX154RUS,1.0,1300.0,Ford,Focus,2016.0
648.0,X759HY197RUS,1.0,37500.0,Ford,Focus,2009.0
651.0,O83697197RUS,2.0,6100.0,Ford,Focus,2013.0
652.0,92918M178RUS,1.0,1900.0,Ford,Focus,2001.0
653.0,92928M178RUS,1.0,1200.0,Ford,Focus,1997.0
654.0,E52677152RUS,2.0,2500.0,Ford,Focus,2015.0
655.0,8451M7154RUS,1.0,500.0,Ford,Focus,2002.0
656.0,9589EY178RUS,1.0,8594.5864661654,Ford,Focus,1994.0
657.0,H907YK197RUS,2.0,7100.0,Ford,Focus,2015.0
658.0,O39897197RUS,2.0,3800.0,Ford,Focus,2016.0
659.0,M3879X197RUS,2.0,6300.0,Volkswagen,Touareg,2010.0
661.0,C299K9154RUS,1.0,500.0,Ford,Focus,1992.0
662.0,M0299X197RUS,1.0,9600.0,Ford,Focus,2011.0
663.0,8437XX154RUS,2.0,800.0,Ford,Focus,1990.0
664.0,9468EX178RUS,1.0,4000.0,Ford,Focus,2003.0
665.0,M375CH197RUS,2.0,18100.0,Ford,Focus,1985.0
666.0,H982HY161RUS,1.0,300.0,Ford,Focus,2015.0
667.0,8201XX154RUS,1.0,7800.0,Ford,Focus,2009.0
668.0,8224XX154RUS,1.0,2500.0,Ford,Focus,2002.0
669.0,O22397197RUS,1.0,18500.0,Ford,Focus,2008.0
670.0,Y653E8750RUS,1.0,500.0,Skoda,Octavia,2011.0
672.0,K558KC161RUS,1.0,500.0,Ford,Focus,1991.0
673.0,O058M7161RUS,1.0,1900.0,Ford,Focus,2012.0
675.0,M256OH161RUS,2.0,1600.0,Ford,Focus,2011.0
676.0,7183TT36RUS,2.0,5400.0,Ford,Focus,2005.0
677.0,T242H8197RUS,2.0,8594.5864661654,Skoda,Octavia,2013.0
678.0,K27188138RUS,1.0,2000.0,Ford,Focus,2007.0
679.0,X782CO96RUS,1.0,1000.0,Ford,Focus,2002.0
680.0,Y7659C197RUS,1.0,1500.0,Ford,Focus,1983.0
681.0,X523OM161RUS,1.0,400.0,Ford,Focus,2011.0
683.0,96629X178RUS,1.0,7000.0,Ford,Focus,2011.0
684.0,9881HX152RUS,2.0,10300.0,Ford,Focus,2008.0
685.0,9020YC197RUS,2.0,72500.0,Skoda,Octavia,1989.0
686.0,T479KX197RUS,2.0,12000.0,Ford,Focus,1995.0
687.0,M680T9152RUS,2.0,9000.0,Volkswagen,Jetta,2007.0
688.0,7831C8197RUS,2.0,6800.0,Ford,Focus,2005.0
690.0,7844C8197RUS,2.0,17000.0,Ford,Focus,1987.0
692.0,T011MY163RUS,2.0,4000.0,Ford,Focus,2002.0
693.0,C410X938RUS,1.0,1100.0,Ford,Focus,2012.0
694.0,X762HY197RUS,1.0,500.0,Ford,Focus,1982.0
695.0,9470EX178RUS,1.0,500.0,Ford,Focus,1991.0
696.0,X4128H125RUS,2.0,8594.5864661654,Ford,Focus,2011.0
698.0,9762HY161RUS,2.0,2600.0,Ford,Focus,1986.0
700.0,H419XE197RUS,2.0,6900.0,Toyota,Corolla,1998.0
701.0,98017H178RUS,1.0,1500.0,Ford,Focus,2005.0
702.0,Y780EE197RUS,2.0,4600.0,Volkswagen,Golf,1991.0
703.0,M580CH197RUS,2.0,9500.0,Ford,Focus,2005.0
704.0,T686EO197RUS,1.0,1000.0,Toyota,Camry,1993.0
705.0,9943OH154RUS,1.0,400.0,Skoda,Octavia,1985.0
706.0,Y354O8197RUS,1.0,10800.0,Ford,Focus,2002.0
707.0,7065C8197RUS,1.0,3800.0,Volkswagen,Passat,1994.0
709.0,E28777161RUS,1.0,800.0,Ford,Focus,2015.0
710.0,M701T9152RUS,2.0,3000.0,Ford,Focus,1981.0
711.0,E577HE77RUS,2.0,12000.0,Ford,Focus,1993.0
713.0,92788M178RUS,1.0,1200.0,Ford,Focus,1980.0
714.0,9072EM178RUS,2.0,4400.0,Ford,Focus,2006.0
715.0,9409H7178RUS,1.0,3000.0,Skoda,Octavia,2001.0
716.0,C3829X154RUS,2.0,13500.0,Ford,Focus,1998.0
717.0,T478KX197RUS,2.0,7500.0,Ford,Focus,1996.0
718.0,T119CT96RUS,1.0,2000.0,Ford,Focus,2014.0
719.0,X795O796RUS,1.0,1000.0,Ford,Focus,1996.0
720.0,708487163RUS,1.0,1000.0,Ford,Focus,1984.0
721.0,H983HY161RUS,1.0,500.0,Ford,Focus,1999.0
722.0,7842C8197RUS,1.0,6000.0,Ford,Focus,2009.0
723.0,O64097197RUS,2.0,8594.5864661654,Ford,Focus,2000.0
724.0,Y693HM197RUS,2.0,6500.0,BMW,,2018.0
725.0,96857X197RUS,1.0,37800.0,Skoda,Octavia,2015.0
726.0,7177TT36RUS,1.0,500.0,Ford,Focus,2019.0
728.0,9428EX178RUS,1.0,500.0,Ford,Focus,1993.0
729.0,84438C154RUS,2.0,7600.0,Ford,Focus,2010.0
730.0,Y7689C197RUS,2.0,9000.0,Ford,Focus,2012.0
731.0,H427YH197RUS,1.0,9900.0,Volkswagen,Passat,1998.0
732.0,T394KX197RUS,2.0,1500.0,Ford,Focus,2017.0
733.0,O49897197RUS,2.0,11800.0,Ford,Focus,1986.0
734.0,H963X936RUS,1.0,1800.0,Skoda,Octavia,1982.0
735.0,T341CC96RUS,2.0,1000.0,Volkswagen,Passat,1999.0
736.0,9942KK197RUS,2.0,6200.0,Ford,Focus,2011.0
737.0,9141H8178RUS,1.0,300.0,Skoda,Octavia,2014.0
738.0,9942KK197RUS,2.0,3100.0,Ford,Focus,2008.0
739.0,7370C8197RUS,2.0,5000.0,Ford,Focus,2008.0
740.0,9890HX152RUS,2.0,9200.0,Ford,Focus,1992.0
741.0,9409H7178RUS,1.0,6000.0,Skoda,Octavia,1993.0
742.0,M268CH197RUS,1.0,800.0,Toyota,Camry,1996.0
743.0,Y780EE197RUS,1.0,2300.0,Volkswagen,Golf,2015.0
744.0,Y388E877RUS,2.0,9500.0,Ford,Focus,1995.0
745.0,C419X938RUS,1.0,1100.0,Ford,Focus,1995.0
746.0,M0319X197RUS,2.0,4500.0,Ford,Focus,1996.0
747.0,M577CH197RUS,2.0,17000.0,Ford,Focus,2007.0
748.0,7361C8197RUS,1.0,8594.5864661654,Ford,Focus,1992.0
749.0,H975HY161RUS,1.0,2000.0,Ford,Focus,2013.0
750.0,X018HY197RUS,2.0,10600.0,Toyota,Camry,2019.0
751.0,E33177152RUS,2.0,7100.0,Ford,Focus,1986.0
752.0,X256HE161RUS,2.0,1600.0,Ford,Focus,1993.0
753.0,Y7689C197RUS,2.0,45000.0,Ford,Focus,1982.0
755.0,7788KT197RUS,2.0,4000.0,Ford,Focus,1988.0
756.0,9491H7178RUS,1.0,500.0,Volkswagen,Jetta,2003.0
757.0,M374CH197RUS,1.0,5500.0,Ford,Focus,2002.0
758.0,96679X178RUS,2.0,2400.0,Ford,Focus,2013.0
759.0,9594HY161RUS,1.0,300.0,Ford,Focus,1989.0
760.0,83218C154RUS,1.0,100.0,Ford,Focus,1999.0
761.0,9764HY161RUS,1.0,800.0,Ford,Focus,2012.0
762.0,708187163RUS,1.0,1000.0,Ford,Focus,1980.0
763.0,H908YK197RUS,1.0,4800.0,Ford,Focus,1984.0
764.0,H004MH197RUS,2.0,19800.0,Ford,Focus,1992.0
765.0,92788M178RUS,1.0,300.0,Ford,Focus,1988.0
766.0,Y656E8750RUS,1.0,8594.5864661654,Skoda,Octavia,1994.0
767.0,9679EC178RUS,1.0,500.0,Ford,Focus,2000.0
769.0,O017KO197RUS,1.0,1600.0,Ford,Focus,1999.0
770.0,H957HY161RUS,1.0,1000.0,Ford,Focus,2000.0
772.0,X286TC36RUS,1.0,500.0,Ford,Focus,2012.0
773.0,C803KE163RUS,1.0,1000.0,Volkswagen,Jetta,1998.0
774.0,Y7379Y50RUS,2.0,2000.0,Ford,Focus,2000.0
775.0,X320MK197RUS,1.0,7500.0,Ford,Focus,2018.0
776.0,C476M7161RUS,2.0,500.0,Ford,Focus,2007.0
777.0,H844YH197RUS,1.0,1000.0,Ford,Focus,2002.0
778.0,96907X197RUS,2.0,3000.0,BMW,,2012.0
779.0,Y650E8750RUS,1.0,1000.0,Skoda,Octavia,1990.0
780.0,H235YH197RUS,2.0,5100.0,Skoda,Octavia,1982.0
781.0,9474EX178RUS,1.0,500.0,Ford,Focus,2004.0
782.0,Y8259C197RUS,1.0,1500.0,Ford,Focus,2013.0
783.0,E29577161RUS,1.0,500.0,Ford,Focus,2005.0
784.0,X761HY197RUS,2.0,18300.0,Ford,Focus,1999.0
785.0,H387TM197RUS,1.0,8594.5864661654,Volkswagen,Passat,2003.0
786.0,T396KX197RUS,2.0,10300.0,Ford,Focus,2017.0
787.0,C593EY154RUS,1.0,1000.0,Ford,Focus,2016.0
788.0,Y164O8161RUS,1.0,800.0,Ford,Focus,1992.0
789.0,M942OT152RUS,1.0,2000.0,Ford,Focus,1981.0
791.0,T476KX197RUS,2.0,4500.0,Ford,Focus,2013.0
792.0,H889YK197RUS,2.0,21200.0,Ford,Focus,1994.0
793.0,Y7429Y50RUS,2.0,2000.0,Ford,Focus,1991.0
794.0,H976HY161RUS,2.0,2200.0,Ford,Focus,2006.0
795.0,C410X938RUS,2.0,2200.0,Ford,Focus,1990.0
796.0,Y195O8161RUS,1.0,100.0,Ford,Focus,1988.0
797.0,O669E8197RUS,1.0,18000.0,Ford,Focus,2008.0
798.0,Y187O8161RUS,2.0,400.0,Ford,Focus,1985.0
799.0,K329T8197RUS,2.0,13000.0,Skoda,Octavia,1992.0
800.0,96659X178RUS,1.0,900.0,Ford,Focus,2000.0
801.0,7842C8197RUS,2.0,12000.0,Ford,Focus,1997.0
802.0,O275O7161RUS,1.0,8300.0,Ford,Focus,1988.0
804.0,9677MO178RUS,1.0,2200.0,Ford,Mondeo,2008.0
805.0,H957HY161RUS,1.0,8594.5864661654,Ford,Focus,1991.0
806.0,M0279X197RUS,2.0,36000.0,Ford,Focus,1987.0
808.0,9939KK197RUS,1.0,1600.0,Ford,Focus,1982.0
809.0,Y8399C197RUS,1.0,600.0,Ford,Focus,1982.0
810.0,M373CH197RUS,2.0,6600.0,Ford,Focus,2004.0
811.0,7164YM36RUS,2.0,18800.0,Ford,Focus,1988.0
812.0,7843C8197RUS,2.0,4100.0,Ford,Focus,2019.0
813.0,O753MX161RUS,2.0,700.0,Ford,Focus,1989.0
814.0,9468EX178RUS,2.0,2000.0,Ford,Focus,1996.0
815.0,T395KX197RUS,2.0,7600.0,Ford,Focus,2000.0
816.0,T6488M116RUS,2.0,21000.0,Ford,Focus,2004.0
817.0,7361C8197RUS,1.0,800.0,Ford,Focus,2001.0
818.0,98047H178RUS,1.0,500.0,Ford,Focus,2016.0
819.0,8316XX154RUS,1.0,1100.0,Ford,Focus,1990.0
820.0,O752MX161RUS,2.0,2600.0,Ford,Focus,1996.0
821.0,8234XX154RUS,2.0,2600.0,Ford,Focus,1990.0
822.0,9488EY178RUS,2.0,1300.0,Ford,Focus,1992.0
823.0,96857X197RUS,2.0,18900.0,Skoda,Octavia,1989.0
824.0,O481OH77RUS,2.0,1000.0,Toyota,Camry,1995.0
825.0,K326T8197RUS,1.0,100.0,Volkswagen,Passat,2016.0
826.0,90159H178RUS,1.0,8594.5864661654,Volkswagen,Passat,1990.0
827.0,9469EX178RUS,1.0,4200.0,Ford,Focus,1989.0
828.0,X796TH96RUS,1.0,500.0,Ford,Focus,2009.0
829.0,9499KX178RUS,1.0,4600.0,Ford,Focus,1989.0
830.0,Y358O8197RUS,2.0,21800.0,Ford,Focus,2013.0
831.0,C420X938RUS,2.0,3300.0,Ford,Focus,2003.0
832.0,Y965O8197RUS,2.0,1600.0,Ford,Focus,2017.0
833.0,96429X178RUS,2.0,1300.0,Ford,Focus,2013.0
834.0,Y274O8197RUS,2.0,10700.0,Ford,Focus,1981.0
835.0,Y358O8197RUS,1.0,43600.0,Ford,Focus,1992.0
836.0,E223YM197RUS,2.0,19500.0,Ford,Focus,2018.0
837.0,E42277152RUS,2.0,5300.0,Ford,Focus,2003.0
838.0,E34877152RUS,2.0,36600.0,Ford,Focus,1984.0
839.0,Y964EE197RUS,2.0,8594.5864661654,Ford,Focus,1982.0
840.0,T6049O50RUS,2.0,15000.0,Ford,Focus,2016.0
841.0,8601XX154RUS,1.0,3900.0,Skoda,Octavia,2007.0
842.0,H259HY161RUS,1.0,900.0,Toyota,Corolla,1999.0
843.0,T940CC96RUS,1.0,500.0,Ford,Focus,1984.0
844.0,T288CT96RUS,1.0,1500.0,Ford,Focus,1990.0
845.0,Y6839Y50RUS,1.0,1500.0,Ford,Focus,2013.0
846.0,Y344E877RUS,1.0,1000.0,Ford,Focus,2014.0
847.0,K889HY161RUS,2.0,46200.0,Ford,Mondeo,2016.0
848.0,H214X836RUS,1.0,8000.0,Ford,Focus,1994.0
849.0,T399KX197RUS,2.0,15300.0,Ford,Focus,1994.0
850.0,O421OT161RUS,1.0,1200.0,Skoda,Octavia,2008.0
851.0,H232YH197RUS,1.0,8594.5864661654,Ford,Focus,1998.0
852.0,7360C8197RUS,2.0,9600.0,Ford,Focus,1983.0
853.0,T6418M116RUS,1.0,49200.0,Ford,Focus,1995.0
854.0,7248C8197RUS,2.0,34400.0,Ford,Mondeo,2012.0
855.0,Y194O8161RUS,2.0,900.0,Ford,Focus,1994.0
856.0,9881HX152RUS,2.0,20600.0,Ford,Focus,2005.0
857.0,T6359O50RUS,2.0,13500.0,Ford,Focus,1993.0
858.0,E29677161RUS,2.0,6000.0,Ford,Focus,1999.0
859.0,T020MM116RUS,2.0,3000.0,Skoda,Octavia,2004.0
860.0,C798ET50RUS,1.0,5000.0,Ford,Focus,2012.0
861.0,Y7719C197RUS,2.0,4600.0,Ford,Focus,1986.0
862.0,9502XX38RUS,1.0,3000.0,Skoda,Octavia,2007.0
863.0,8521XX154RUS,1.0,1000.0,Ford,Focus,1997.0
864.0,Y273O8197RUS,2.0,26300.0,Ford,Focus,1982.0
865.0,M580CH197RUS,2.0,47500.0,Ford,Focus,2008.0
866.0,K376HE161RUS,1.0,100.0,Ford,Focus,2015.0
867.0,7193TT36RUS,2.0,3300.0,Ford,Focus,2012.0
868.0,O785T9163RUS,1.0,500.0,Ford,Focus,2005.0
869.0,H618YC38RUS,1.0,300.0,Volkswagen,Golf,2007.0
870.0,Y7689C197RUS,1.0,36000.0,Ford,Focus,2007.0
871.0,M592CH197RUS,1.0,3500.0,Skoda,Octavia,2013.0
872.0,Y352O8197RUS,2.0,77700.0,Ford,Focus,2008.0
873.0,9068EM178RUS,1.0,600.0,Ford,Focus,2006.0
874.0,7783KT197RUS,1.0,6000.0,Ford,Focus,2007.0
875.0,Y305E877RUS,2.0,2500.0,Ford,Focus,2004.0
876.0,E881OT197RUS,2.0,5500.0,Skoda,Octavia,2019.0
877.0,Y8259C197RUS,2.0,3000.0,Ford,Focus,2000.0
878.0,Y969O8197RUS,2.0,7800.0,Ford,Focus,1992.0
879.0,92928M178RUS,2.0,3000.0,Ford,Focus,2017.0
880.0,O718MM163RUS,2.0,7000.0,Ford,Focus,2003.0
881.0,Y7129Y50RUS,1.0,8594.5864661654,Ford,Focus,1986.0
882.0,9975CC77RUS,2.0,7000.0,Ford,Focus,1993.0
883.0,C592EY154RUS,1.0,2000.0,Ford,Focus,2007.0
885.0,T195OK161RUS,1.0,6700.0,Ford,Mondeo,1993.0
886.0,Y966O8197RUS,2.0,20800.0,Ford,Focus,1986.0
887.0,T914CT197RUS,2.0,7200.0,Toyota,Camry,1983.0
888.0,E41977152RUS,2.0,2400.0,Ford,Focus,1989.0
889.0,T171CC96RUS,1.0,1000.0,Ford,Focus,1987.0
890.0,9464EX178RUS,2.0,2100.0,Ford,Focus,1988.0
891.0,O50197197RUS,2.0,7800.0,Ford,Focus,1992.0
892.0,7608EE777RUS,1.0,4000.0,Skoda,Octavia,2000.0
893.0,X583HE161RUS,1.0,3000.0,Ford,Focus,1984.0
894.0,Y7229Y50RUS,2.0,2500.0,Ford,Focus,1982.0
895.0,M6977E152RUS,1.0,500.0,Ford,Focus,1996.0
896.0,K2797K154RUS,1.0,800.0,Ford,Focus,2011.0
897.0,8325M7154RUS,1.0,1000.0,Ford,Focus,1987.0
898.0,Y192O8161RUS,2.0,300.0,Ford,Focus,1999.0
899.0,7784KT197RUS,1.0,6600.0,Ford,Focus,1989.0
900.0,96599X178RUS,1.0,500.0,Ford,Focus,1990.0
901.0,X760HY197RUS,1.0,10100.0,Ford,Focus,2002.0
902.0,Y358O8197RUS,2.0,10900.0,Ford,Focus,2010.0
903.0,H966HY161RUS,1.0,500.0,Ford,Focus,2013.0
904.0,9938KK197RUS,2.0,28500.0,Ford,Focus,1993.0
905.0,98087H178RUS,1.0,8594.5864661654,Ford,Focus,1999.0
906.0,K2807K154RUS,1.0,500.0,Ford,Focus,2001.0
907.0,H977HY161RUS,1.0,600.0,Ford,Focus,1996.0
908.0,7367C8197RUS,1.0,6000.0,Ford,Focus,1993.0
909.0,9137X938RUS,1.0,1600.0,Ford,Focus,1986.0
910.0,Y356O8197RUS,2.0,15300.0,Ford,Focus,2013.0
911.0,9398MM199RUS,1.0,300.0,Volkswagen,Passat,2010.0
912.0,8436XX154RUS,1.0,2400.0,Ford,Focus,2006.0
913.0,8180XX154RUS,2.0,1400.0,Ford,Focus,1991.0
914.0,E53477152RUS,1.0,7200.0,Ford,Focus,2008.0
915.0,O718MM163RUS,2.0,3500.0,Ford,Focus,1994.0
916.0,9677MO178RUS,1.0,1100.0,Ford,Mondeo,2009.0
917.0,9498KX178RUS,1.0,4000.0,Ford,Focus,2000.0
918.0,K436MO152RUS,2.0,3000.0,Ford,Focus,2005.0
919.0,7194TT36RUS,2.0,2300.0,Ford,Focus,2002.0
920.0,7364C8197RUS,2.0,4500.0,Ford,Focus,2011.0
921.0,O136HO197RUS,2.0,7800.0,Toyota,Corolla,1999.0
922.0,O68897197RUS,2.0,12300.0,Ford,Focus,1995.0
923.0,O718MM163RUS,2.0,8594.5864661654,Ford,Focus,1993.0
924.0,7065C8197RUS,2.0,11400.0,Volkswagen,Passat,1987.0
925.0,O22097197RUS,1.0,24300.0,Ford,Focus,2017.0
926.0,Y163O8161RUS,2.0,1600.0,Ford,Focus,1980.0
927.0,M0309X197RUS,1.0,22300.0,Ford,Focus,1998.0
928.0,O673E8197RUS,2.0,600.0,Ford,Focus,1985.0
929.0,8610T8154RUS,1.0,2000.0,Ford,Focus,1995.0
930.0,H419XE197RUS,2.0,8594.5864661654,Toyota,Corolla,2011.0
309.0,Y351O8197RUS,1.0,1500.0,Ford,Focus,1985.0
74.0,H917TC36RUS,2.0,4000.0,Ford,Focus,1986.0
529.0,C589EY154RUS,1.0,4500.0,Ford,Focus,2010.0
179.0,K846YE77RUS,2.0,2000.0,Volkswagen,Passat,2006.0
593.0,X4108H125RUS,2.0,1300.0,Ford,Focus,2000.0
906.0,K2807K154RUS,1.0,500.0,Ford,Focus,1988.0
815.0,T395KX197RUS,2.0,7600.0,Ford,Focus,2019.0
707.0,7065C8197RUS,1.0,3800.0,Volkswagen,Passat,1994.0
298.0,Y275O8197RUS,1.0,6000.0,Ford,Focus,1999.0
827.0,9469EX178RUS,1.0,4200.0,Ford,Focus,1989.0
631.0,K040CC197RUS,2.0,3600.0,Ford,Focus,2015.0
605.0,M0269X197RUS,2.0,20600.0,Ford,Focus,2012.0
379.0,T6129O50RUS,2.0,6000.0,Ford,Focus,2007.0
353.0,T6329O50RUS,1.0,500.0,Ford,Focus,1983.0
181.0,7827C8197RUS,1.0,7500.0,Ford,Focus,1999.0
449.0,8611T8154RUS,1.0,1000.0,Ford,Focus,2018.0
360.0,7831C8197RUS,2.0,3400.0,Ford,Focus,2005.0
799.0,K329T8197RUS,2.0,13000.0,Skoda,Octavia,1987.0
466.0,X015HY197RUS,1.0,8000.0,Toyota,Corolla,2009.0
865.0,M580CH197RUS,2.0,47500.0,Ford,Focus,1989.0
922.0,O68897197RUS,2.0,12300.0,Ford,Focus,1989.0
273.0,7066C8197RUS,1.0,3000.0,Volkswagen,Passat,1981.0
887.0,T914CT197RUS,2.0,7200.0,Toyota,Camry,2005.0
850.0,O421OT161RUS,1.0,1200.0,Skoda,Octavia,2013.0
677.0,T242H8197RUS,2.0,8594.5864661654,Skoda,Octavia,1980.0
413.0,92828M178RUS,1.0,300.0,Ford,Focus,1992.0
638.0,K559KC161RUS,1.0,200.0,Ford,Focus,1995.0
79.0,Y7709C197RUS,1.0,500.0,Ford,Focus,2007.0
672.0,K558KC161RUS,1.0,500.0,Ford,Focus,1991.0
760.0,83218C154RUS,1.0,100.0,Ford,Focus,2016.0
454.0,7147OE161RUS,1.0,500.0,Ford,Focus,2016.0
121.0,8166XX154RUS,1.0,2400.0,Ford,Focus,1990.0
432.0,M0269X197RUS,2.0,8594.5864661654,Ford,Focus,2015.0
529.0,C589EY154RUS,1.0,4500.0,Ford,Focus,2011.0
372.0,8436XX154RUS,1.0,800.0,Ford,Focus,1983.0
664.0,9468EX178RUS,1.0,4000.0,Ford,Focus,2008.0
362.0,H004MH197RUS,2.0,9900.0,Ford,Focus,1992.0
409.0,Y7449Y50RUS,1.0,8000.0,Ford,Focus,1992.0
656.0,9589EY178RUS,1.0,8594.5864661654,Ford,Focus,2004.0
43.0,92928M178RUS,1.0,8594.5864661654,Ford,Focus,2010.0
205.0,T476KX197RUS,1.0,1500.0,Ford,Focus,1988.0
652.0,92918M178RUS,1.0,1900.0,Ford,Focus,1982.0
549.0,Y973O8197RUS,1.0,69600.0,Ford,Focus,2000.0
198.0,E53277152RUS,1.0,1000.0,Ford,Focus,2013.0
478.0,T6319O50RUS,2.0,8594.5864661654,Ford,Focus,1994.0
355.0,M581CH197RUS,1.0,200.0,Ford,Focus,2003.0
835.0,Y358O8197RUS,1.0,43600.0,Ford,Focus,1996.0
673.0,O058M7161RUS,1.0,1900.0,Ford,Focus,2016.0
554.0,X023HY197RUS,2.0,6800.0,Volvo,,1999.0
427.0,8166XX154RUS,1.0,600.0,Ford,Focus,2007.0
590.0,7199MT197RUS,1.0,9300.0,Volkswagen,Golf,2013.0
181.0,7827C8197RUS,1.0,7500.0,Ford,Focus,1991.0
240.0,O02597197RUS,1.0,800.0,Ford,Focus,2017.0
168.0,X757HY197RUS,2.0,6800.0,Ford,Focus,2004.0
96.0,9498KX178RUS,2.0,1600.0,Ford,Focus,2018.0
581.0,Y4298M777RUS,2.0,2000.0,Skoda,Octavia,1990.0
309.0,Y351O8197RUS,1.0,1500.0,Ford,Focus,2008.0
270.0,Y7129Y50RUS,2.0,32000.0,Ford,Focus,2019.0
706.0,Y354O8197RUS,1.0,10800.0,Ford,Focus,1995.0
474.0,M581CH197RUS,1.0,100.0,Ford,Focus,1980.0
180.0,E40577152RUS,1.0,500.0,Ford,Focus,2003.0
785.0,H387TM197RUS,1.0,8594.5864661654,Volkswagen,Passat,2015.0
50.0,Y7719C197RUS,1.0,9200.0,Ford,Focus,1987.0
13.0,K330T8197RUS,2.0,8200.0,Skoda,Octavia,1992.0
772.0,X286TC36RUS,1.0,500.0,Ford,Focus,2016.0
614.0,Y156E877RUS,2.0,7500.0,Ford,Focus,2007.0
820.0,O752MX161RUS,2.0,2600.0,Ford,Focus,1997.0
421.0,T017OX197RUS,2.0,12700.0,Toyota,Corolla,2009.0
843.0,T940CC96RUS,1.0,500.0,Ford,Focus,2000.0
824.0,O481OH77RUS,2.0,1000.0,Toyota,Camry,2017.0
98.0,99209X178RUS,1.0,500.0,Skoda,Octavia,2004.0
231.0,Y6829Y50RUS,1.0,500.0,Ford,Focus,2002.0
332.0,E5878M777RUS,1.0,8500.0,Skoda,Octavia,1987.0
306.0,E40877152RUS,1.0,1000.0,Ford,Focus,1999.0
448.0,C313MM99RUS,1.0,7500.0,Toyota,Camry,2012.0
10.0,H234YH197RUS,2.0,6000.0,Ford,Focus,1982.0
889.0,T171CC96RUS,1.0,1000.0,Ford,Focus,2007.0
729.0,84438C154RUS,2.0,7600.0,Ford,Focus,1981.0
437.0,C58078163RUS,1.0,100.0,Ford,Focus,2002.0
510.0,X255HE161RUS,1.0,400.0,Ford,Focus,1998.0
849.0,T399KX197RUS,2.0,15300.0,Ford,Focus,1987.0
879.0,92928M178RUS,2.0,3000.0,Ford,Focus,1988.0
79.0,Y7709C197RUS,1.0,500.0,Ford,Focus,2017.0
703.0,M580CH197RUS,2.0,9500.0,Ford,Focus,2018.0
861.0,Y7719C197RUS,2.0,4600.0,Ford,Focus,2013.0
346.0,H889YK197RUS,2.0,10600.0,Ford,Focus,1987.0
710.0,M701T9152RUS,2.0,3000.0,Ford,Focus,1994.0
452.0,8605T8154RUS,1.0,1000.0,Ford,Focus,1993.0
1.0,E432XX77RUS,1.0,6500.0,Toyota,Camry,1980.0
738.0,9942KK197RUS,2.0,3100.0,Ford,Focus,1993.0
242.0,X015HY197RUS,2.0,16000.0,Toyota,Corolla,2019.0
743.0,Y780EE197RUS,1.0,2300.0,Volkswagen,Golf,1989.0
912.0,8436XX154RUS,1.0,2400.0,Ford,Focus,1996.0
497.0,H219X836RUS,1.0,1600.0,Ford,Focus,1993.0
483.0,Y273O8197RUS,2.0,52600.0,Ford,Focus,2001.0
503.0,94178K154RUS,1.0,500.0,Ford,Focus,2015.0
490.0,E811HE77RUS,2.0,7000.0,Ford,Focus,2010.0
706.0,Y354O8197RUS,1.0,10800.0,Ford,Focus,1991.0
101.0,Y353O8197RUS,2.0,21800.0,Ford,Focus,1997.0
710.0,M701T9152RUS,2.0,3000.0,Ford,Focus,1980.0
779.0,Y650E8750RUS,1.0,1000.0,Skoda,Octavia,2014.0
309.0,Y351O8197RUS,1.0,1500.0,Ford,Focus,2009.0
242.0,X015HY197RUS,2.0,16000.0,Toyota,Corolla,1986.0
77.0,X786CO96RUS,1.0,1000.0,Ford,Focus,2002.0
744.0,Y388E877RUS,2.0,9500.0,Ford,Focus,1993.0
403.0,T6439O50RUS,2.0,16500.0,Ford,Focus,1980.0
302.0,E0697X152RUS,1.0,2000.0,Skoda,Octavia,1980.0
370.0,C515X938RUS,1.0,1900.0,Ford,Focus,1994.0
272.0,Y7689C197RUS,1.0,27000.0,Ford,Focus,2017.0
594.0,Y966O8197RUS,2.0,10400.0,Ford,Focus,2018.0
658.0,O39897197RUS,2.0,3800.0,Ford,Focus,2002.0
186.0,Y7699C197RUS,2.0,15800.0,Ford,Focus,1987.0
122.0,M589CH197RUS,2.0,7900.0,Volkswagen,,1989.0
426.0,O085E8197RUS,1.0,300.0,Volkswagen,Golf,2011.0
161.0,Y038E877RUS,2.0,6500.0,Ford,Focus,1984.0
690.0,7844C8197RUS,2.0,17000.0,Ford,Focus,2014.0
713.0,92788M178RUS,1.0,1200.0,Ford,Focus,2010.0
811.0,7164YM36RUS,2.0,18800.0,Ford,Focus,2006.0
59.0,H968HY161RUS,1.0,2400.0,Ford,Focus,1998.0
506.0,O78097197RUS,2.0,1400.0,Ford,Focus,2009.0
579.0,K338T8197RUS,2.0,17400.0,Ford,Focus,1990.0
911.0,9398MM199RUS,1.0,300.0,Volkswagen,Passat,2000.0
439.0,T018OX197RUS,2.0,6800.0,Toyota,Corolla,1999.0
332.0,E5878M777RUS,1.0,8500.0,Skoda,Octavia,1995.0
121.0,8166XX154RUS,1.0,2400.0,Ford,Focus,1981.0
683.0,96629X178RUS,1.0,7000.0,Ford,Focus,2013.0
280.0,K559KC161RUS,1.0,100.0,Ford,Focus,2003.0
359.0,C412X938RUS,1.0,1000.0,Ford,Focus,1994.0
179.0,K846YE77RUS,2.0,2000.0,Volkswagen,Passat,1992.0
593.0,X4108H125RUS,2.0,1300.0,Ford,Focus,1998.0
15.0,C477M7161RUS,1.0,2500.0,Ford,Focus,2001.0
482.0,9523M8178RUS,1.0,600.0,Skoda,Octavia,2014.0
782.0,Y8259C197RUS,1.0,1500.0,Ford,Focus,1994.0
739.0,7370C8197RUS,2.0,5000.0,Ford,Focus,2017.0
218.0,E432XX77RUS,2.0,13000.0,Toyota,Camry,2016.0
745.0,C419X938RUS,1.0,1100.0,Ford,Focus,1982.0
62.0,H232YH197RUS,2.0,8600.0,Ford,Focus,1992.0
0.0,Y163O8161RUS,2.0,3200.0,Ford,Focus,2019.0
273.0,7066C8197RUS,1.0,3000.0,Volkswagen,Passat,2011.0
875.0,Y305E877RUS,2.0,2500.0,Ford,Focus,2008.0
1.0,E432XX77RUS,1.0,6500.0,Toyota,Camry,1995.0
487.0,8226XX154RUS,2.0,1000.0,Ford,Focus,1982.0
911.0,9398MM199RUS,1.0,300.0,Volkswagen,Passat,2013.0
56.0,73467Y96RUS,1.0,800.0,Ford,Focus,2004.0
835.0,Y358O8197RUS,1.0,43600.0,Ford,Focus,2014.0
899.0,7784KT197RUS,1.0,6600.0,Ford,Focus,1994.0
390.0,9499KX178RUS,1.0,2300.0,Ford,Focus,2008.0
695.0,9470EX178RUS,1.0,500.0,Ford,Focus,2014.0
398.0,X767HY197RUS,2.0,18000.0,Ford,Focus,1984.0
877.0,Y8259C197RUS,2.0,3000.0,Ford,Focus,2014.0
500.0,Y352O8197RUS,2.0,25900.0,Ford,Focus,2005.0
270.0,Y7129Y50RUS,2.0,32000.0,Ford,Focus,1985.0
513.0,Y963O8197RUS,2.0,21600.0,Ford,Focus,1993.0
141.0,K379HY161RUS,1.0,200.0,Volkswagen,Golf,1998.0
720.0,708487163RUS,1.0,1000.0,Ford,Focus,2010.0
666.0,H982HY161RUS,1.0,300.0,Ford,Focus,1995.0
229.0,M741T9152RUS,2.0,1000.0,Ford,Focus,2005.0
441.0,8611T8154RUS,2.0,2000.0,Ford,Focus,1999.0
508.0,Y232E877RUS,2.0,5000.0,Ford,Focus,1993.0
432.0,M0269X197RUS,2.0,8594.5864661654,Ford,Focus,1988.0
344.0,T016OX197RUS,2.0,3200.0,Toyota,Corolla,1993.0
314.0,Y7649C197RUS,2.0,5300.0,Ford,Focus,1987.0
136.0,97987H178RUS,2.0,5000.0,Ford,Focus,2018.0
449.0,8611T8154RUS,1.0,1000.0,Ford,Focus,1997.0
572.0,Y964O8197RUS,1.0,1000.0,Ford,Focus,2002.0
170.0,934497178RUS,2.0,1900.0,Skoda,Octavia,1990.0
406.0,O752MX161RUS,1.0,1300.0,Ford,Focus,1982.0
848.0,H214X836RUS,1.0,8000.0,Ford,Focus,1985.0
232.0,H004MH197RUS,1.0,39600.0,Ford,Focus,1985.0
404.0,7784KT197RUS,2.0,13200.0,Ford,Focus,1983.0
298.0,Y275O8197RUS,1.0,6000.0,Ford,Focus,1988.0
360.0,7831C8197RUS,2.0,3400.0,Ford,Focus,1996.0
450.0,X763HY197RUS,2.0,9500.0,Ford,Focus,1981.0
817.0,7361C8197RUS,1.0,800.0,Ford,Focus,1983.0
390.0,9499KX178RUS,1.0,2300.0,Ford,Focus,2004.0
850.0,O421OT161RUS,1.0,1200.0,Skoda,Octavia,1984.0
573.0,H967HY161RUS,2.0,4500.0,Ford,Focus,1982.0
673.0,O058M7161RUS,1.0,1900.0,Ford,Focus,1991.0
512.0,97998K152RUS,2.0,6300.0,Ford,Focus,1999.0
253.0,Y255E877RUS,1.0,2500.0,Ford,Focus,2018.0
856.0,9881HX152RUS,2.0,20600.0,Ford,Focus,1991.0
0.0,Y163O8161RUS,2.0,3200.0,Ford,Focus,2017.0
374.0,8180XX154RUS,1.0,2800.0,Ford,Focus,2002.0
291.0,Y7709C197RUS,1.0,1500.0,Ford,Focus,2015.0
817.0,7361C8197RUS,1.0,800.0,Ford,Focus,2018.0
441.0,8611T8154RUS,2.0,2000.0,Ford,Focus,2015.0
285.0,8603T8154RUS,1.0,3000.0,Ford,Focus,2011.0
495.0,K339T8197RUS,2.0,8594.5864661654,Ford,Focus,1990.0
926.0,Y163O8161RUS,2.0,1600.0,Ford,Focus,2017.0
685.0,9020YC197RUS,2.0,72500.0,Skoda,Octavia,2001.0
794.0,H976HY161RUS,2.0,2200.0,Ford,Focus,2008.0
440.0,H963HY161RUS,1.0,1400.0,Ford,Focus,2013.0
577.0,E53677152RUS,2.0,5500.0,Ford,Focus,1994.0
711.0,E577HE77RUS,2.0,12000.0,Ford,Focus,1997.0
179.0,K846YE77RUS,2.0,2000.0,Volkswagen,Passat,2012.0
789.0,M942OT152RUS,1.0,2000.0,Ford,Focus,1981.0
798.0,Y187O8161RUS,2.0,400.0,Ford,Focus,1992.0
525.0,7064C8197RUS,1.0,12800.0,Volkswagen,Passat,2007.0
663.0,8437XX154RUS,2.0,800.0,Ford,Focus,2005.0
795.0,C410X938RUS,2.0,2200.0,Ford,Focus,1997.0
,Z999ZZ99RUS,1.0,2500.0,Toyota,Camry,
,X888XX88RUS,2.0,3500.0,Ford,Focus,
,Y777YY77RUS,1.0,2000.0,Nissan,Altima,
,W666WW66RUS,3.0,4000.0,Chevrolet,Cruze,
,V555VV55RUS,2.0,3000.0,Honda,Accord,
